{
  "doma_bhutia_drj_haldiabatch" : {
    "transaction" : "doma_bhutia_drj_haldiabatch",
    "sampleCount" : 3,
    "errorCount" : 0,
    "errorPct" : 0.0,
    "meanResTime" : 3447.3333333333335,
    "medianResTime" : 3039.0,
    "minResTime" : 2845.0,
    "maxResTime" : 4458.0,
    "pct1ResTime" : 4458.0,
    "pct2ResTime" : 4458.0,
    "pct3ResTime" : 4458.0,
    "throughput" : 0.513874614594039,
    "receivedKBytesPerSec" : 18.583459125556697,
    "sentKBytesPerSec" : 0.06724531089414183
  },
  "Total" : {
    "transaction" : "Total",
    "sampleCount" : 10,
    "errorCount" : 0,
    "errorPct" : 0.0,
    "meanResTime" : 3359.4,
    "medianResTime" : 3048.0,
    "minResTime" : 2659.0,
    "maxResTime" : 4663.0,
    "pct1ResTime" : 4642.5,
    "pct2ResTime" : 4663.0,
    "pct3ResTime" : 4663.0,
    "throughput" : 1.447596988998263,
    "receivedKBytesPerSec" : 52.34674697814128,
    "sentKBytesPerSec" : 0.18943163723219456
  },
  "yangzom_dawa_sil_haldiabatch" : {
    "transaction" : "yangzom_dawa_sil_haldiabatch",
    "sampleCount" : 3,
    "errorCount" : 0,
    "errorPct" : 0.0,
    "meanResTime" : 3254.6666666666665,
    "medianResTime" : 3057.0,
    "minResTime" : 2751.0,
    "maxResTime" : 3956.0,
    "pct1ResTime" : 3956.0,
    "pct2ResTime" : 3956.0,
    "pct3ResTime" : 3956.0,
    "throughput" : 0.5222841225626741,
    "receivedKBytesPerSec" : 18.885875478760447,
    "sentKBytesPerSec" : 0.06834577385097493
  },
  "bhinai_tamang_kpg_haldiabatch" : {
    "transaction" : "bhinai_tamang_kpg_haldiabatch",
    "sampleCount" : 4,
    "errorCount" : 0,
    "errorPct" : 0.0,
    "meanResTime" : 3372.0,
    "medianResTime" : 3083.0,
    "minResTime" : 2659.0,
    "maxResTime" : 4663.0,
    "pct1ResTime" : 4663.0,
    "pct2ResTime" : 4663.0,
    "pct3ResTime" : 4663.0,
    "throughput" : 0.5790387955993052,
    "receivedKBytesPerSec" : 20.938133323682685,
    "sentKBytesPerSec" : 0.07577265489287782
  }
}